flags,instruction,category,intent,response
BILM,where to notify of problems with sign-up?,ACCOUNT,registration_problems,"Glad you contacted to us regarding the problems you encountered during the sign-up process. We value your feedback and want to ensure a smooth experience for all our users. To notify us of any sign-up issues or problems, we recommend contacting our customer support team. They are available {{Customer Support Hours}} at {{Customer Support Phone Number}} or through the Live Chat on our website at {{Website URL}}. Our dedicated support agents will be more than happy to assist you and gather all the necessary information to address the problem effectively. Rest assured, we take all sign-up issues seriously and are committed to resolving them promptly. We appreciate your patience and understanding as we work towards improving our sign-up process."
BCLQZ,wanna  use the {{Account Type}} profile help me,ACCOUNT,switch_account,"I'll get right on it! I'm thrilled to assist you in leveraging the perks of our {{Account Type}} profile. Let's make this transition smooth and enjoyable:

1. **Logging In**: Start by signing in to your account.
2. **Navigate to Profile Settings**: Once you're logged in, head to your account's ""{{Profile Settings}}"" section.
3. **Account Type**: Within the ""{{Profile Settings}}"" section, search for the option labeled ""{{Account Type}}"" or ""{{Account Plan}}"".
4. **Switch to Free Profile**: Choose the ""{{Profile Type}}"" option from the available account types.
5. **Confirm Changes**: Follow the prompts and confirm your desire to switch to the {{Account Type}} profile.

If you encounter any difficulties or have additional questions along the way, don't hesitate to reach out. I'm here to provide the support you need. Get ready to enjoy all the benefits that come with our {{Account Type}} profile!"
BELNW,I cannot retrieve the bloody PIN code of my profile,ACCOUNT,recover_password,"I'm sorry to hear that you're having trouble retrieving the PIN code for your profile. I understand how frustrating and inconvenient it can be. Let's work together to resolve this and get you back on track.

Firstly, please make sure you're entering the correct information when trying to retrieve your PIN code. Double-check that you're using the correct email or username associated with your profile.

If you're still unable to retrieve the PIN code, I recommend reaching out to our support team directly. They have the expertise and tools to assist you further. You can contact them through our {{Online Customer Support Channel}}, and they'll guide you through the necessary steps to regain access to your profile.

Rest assured, we're committed to providing you with the support you need. We'll do our best to help you recover your PIN code and ensure a smooth experience with your profile."
BL,give me information about the deletion of my {{Account Type}} account,ACCOUNT,delete_account,"Thank you for your inquiry regarding the deletion of your {{Account Type}} account. I understand that you would like more information about the process. To assist you further, could you please provide me with the specific details or concerns you have regarding the deletion of your {{Account Type}} account? This will enable me to give you the most accurate and relevant information to guide you through the process."
BLQ,i need assistance changing to the {{Account Type}} account,ACCOUNT,switch_account,"Definitely! I'm here to provide the guidance you need to smoothly transition to our remarkable {{Account Type}} account:

1. Sign In: Begin by logging in to our platform using your credentials.
2. Account Settings: Once you're inside, navigate to the ""Account"" or ""Profile"" section.
3. Upgrade Option: Locate an option labeled ""Upgrade"" or ""Switch Account Type"" within these sections.
4. {{Account Type}} Account Selection: Choose the ""{{Account Type}} Account"" option from the available list.
5. Finalize the Process: Follow the on-screen instructions to complete the necessary steps for the upgrade.

If you encounter any difficulties or have any further questions, please don't hesitate to reach out. We're here to provide the support you need. Enjoy all the amazing benefits that come with your {{Account Type}} account upgrade!"
BLQZ,watn assistance removing a standard account,ACCOUNT,delete_account,"We're here for you about removing your standard account. We're here to assist you every step of the way. To better understand your situation, could you kindly provide us with more details about the specific issues or concerns you are currently facing with the account removal process? This information will allow us to provide you with the most accurate and personalized assistance. Your satisfaction is our top priority, and we want to ensure that we address all of your concerns effectively."
BLM,I have to report signup issues,ACCOUNT,registration_problems,"Thank you for reaching out to us and informing us about the signup issues you're experiencing. We understand how frustrating it can be to encounter problems during the registration process, and we sincerely apologize for any inconvenience caused. Your feedback plays a crucial role in helping us improve our services, and we appreciate your patience and understanding as we work to resolve this issue for you. Could you please provide us with some specific details about the problems you encountered? This will assist us in investigating and addressing the issue promptly. We're here to assist you every step of the way and ensure that your registration experience is as smooth as possible."
BLQ,i dont know what to do to notify of an issue with a sign-up,ACCOUNT,registration_problems,"We understand that encountering issues during sign-up can be frustrating, and we appreciate your willingness to notify us about it. To report an issue with sign-up, you can visit our support page on our website where you'll find a dedicated section for reporting sign-up problems. Alternatively, you can reach out to our customer support team through live chat or contact them via email or phone. They will guide you through the process and assist you in reporting the issue effectively. Your feedback is valuable to us, as it helps us identify and address any underlying problems, ensuring an improved sign-up experience for all users. Thank you for bringing this to our attention, and we apologize for any inconvenience caused."
BL,help me use the {{Account Type}} profile,ACCOUNT,switch_account,"I'm happy to help! I appreciate your interest in utilizing our {{Account Type}} profile to explore its unique offerings and advantages:

1. First Step: Begin by signing in to our platform using your account credentials.
2. Profile Exploration: Once you're logged in, navigate to your '{{Settings}}' or '{{Profile}}' section in the platform.
3. Account Type Selection: Look for an option such as '{{Account Change}}' or '{{Account Change}}' within these sections.
4. Free Profile Activation: Choose the '{{Profile Type}}' option from the available types.
5. Completion and Guidance: The system will guide you through the final steps to activate your {{Account Type}} profile.

Should you encounter any challenges along the way, or if you have further questions about the benefits of the {{Account Type}} profile, please don't hesitate to reach out. We're always here to provide the best assistance and help you make the most of your experience with us!"
BCILP,"I would like to close my standard account, can you help me?",ACCOUNT,delete_account,"Glad you got in touch to us regarding your request to close your standard account. I understand that you've made the decision to close your account, and I'm here to assist you with the process. To provide you with the most accurate and personalized information, could you please provide me with the email address associated with your standard account? Rest assured that our team will promptly handle your account closure request and ensure that your information is secure."
BLZ,I am tring to see the early exit penalty,CANCEL,check_cancellation_fee,"Certainly! To view the early exit penalty, you can refer to the terms and conditions section of your account agreement. It will provide you with detailed information regarding any fees or penalties associated with canceling your account before the agreed-upon term. If you need further assistance, please don't hesitate to let me know."
BK,check cancellation fee,CANCEL,check_cancellation_fee,"Certainly! Let me find the information regarding the cancellation fee for your account. Please provide me with your account details, and I will assist you further."
BEL,I do not know how to check the cancellation charge,CANCEL,check_cancellation_fee,"No problem! I can assist you with checking the cancellation charge. To find out the cancellation fee for your account, you can refer to our website and go to the ""Account"" section. From there, you should be able to locate the information regarding the cancellation charge and any applicable fees. If you need any further assistance, feel free to let me know!"
BLM,I want help to see the early exit fees,CANCEL,check_cancellation_fee,"Sure! I'd be happy to assist you in checking the early exit fees. To access this information, please log in to your account on our website and navigate to the ""Billing"" or ""Account Details"" section. From there, you should be able to find the details regarding the early exit fees. Let me know if you have any further questions or need any additional assistance."
BL,checking early exit fee,CANCEL,check_cancellation_fee,"I'll do my best! I can help you with checking the early exit fee. To provide you with accurate information, could you please provide me with your account details or contact our customer service team? They will be able to assist you further."
BLQ,i have to check the cancellation penalty,CANCEL,check_cancellation_fee,"To check the cancellation penalty, you can refer to the ""Cancellation Policy"" section on our website. It will provide you with all the details regarding the applicable fees and charges for canceling your service. If you have any specific questions or need further assistance, please don't hesitate to reach out to our customer support team."
BLM,I don't know what I have to do to see the termination fees,CANCEL,check_cancellation_fee,"To view the termination fees, you can log in to your online account and navigate to the section on contract details. There, you should be able to find information about any applicable termination charges. If you're unable to locate this information online, I recommend reaching out to our customer service team who will be happy to assist you further."
BL,I have got to check the early exit fee,CANCEL,check_cancellation_fee,"Of course! To assist you with checking the early exit fee, please provide me with your account details so that I can provide you with the necessary information."
BL,help seeing the withdrawal fee,CANCEL,check_cancellation_fee,"Absolutely! I can assist you in locating the withdrawal fee. To find this information, please log in to your account on our website and navigate to the ""Fees and Charges"" section. There you will find detailed information about the withdrawal fee and any applicable charges. If you have any further questions, feel free to ask!"
BCEIL,"I cannot find the termination penalty, can I get some help?",CANCEL,check_cancellation_fee,"Positively! I'm here to assist you. To find the termination penalty for your account, I recommend checking your contract terms and conditions or reaching out to our customer support team for more information. They'll be able to provide you with the specific details and answer any questions you may have."
BL,I have to check what hours I can reach customer assistance,CONTACT,contact_customer_service,"Honored to assist! I'm clued in that you're looking to find out the operating hours for contacting our customer assistance team. Our dedicated customer assistance is available from {{Customer Support Hours}}. Please feel free to reach out during these hours, and we'll be more than happy to assist you. Let me know if there's anything else I can help you with!"
BLQ,assistance to see what hours i can call customer service,CONTACT,contact_customer_service,"Your reach-out is appreciated! I'm sensing that you need assistance in finding the hours during which you can contact our customer service team. Our customer service team is available to assist you from {{Customer Support Hours}}. Whether you prefer calling us or connecting through our online chat support, our dedicated team is ready to help you. Is there anything specific you need assistance with?"
BIL,what do I have to do to call customer service?,CONTACT,contact_customer_service,"We're all ears! I'm tuned into the idea that you would like to know what steps are involved in calling our customer service. To connect with our customer support team, you can dial our dedicated customer service phone number at {{Customer Support Phone Number}}. Our team is available during {{Customer Support Hours}} to assist you with any inquiries or concerns you may have. Feel free to reach out to us, and we'll be glad to help you. Is there anything else I can assist you with?"
BILQ,where do i see what hours i can contact customer support,CONTACT,contact_customer_service,"Thank you for contacting! I certainly recognize that you would like to know where you can find the operating hours when you can contact our customer support team. To view the customer support hours, kindly visit our website at {{Website URL}} and navigate to the ""Contact Us"" or ""Support"" section. There, you will find the specific hours during which our dedicated team is available to assist you. If you have any other questions or require further assistance, please don't hesitate to let me know."
BIL,how can I talk with a human agent?,CONTACT,contact_human_agent,"Thanks for getting in touch! I grasp that you're looking for assistance and would like to talk with a human agent. I'm here to help! To connect you with a human representative, please provide me with some details about your specific concern or question. This will allow us to direct you to the most suitable agent who can assist you further. Your satisfaction is our top priority, and we want to ensure that you receive the personalized support you deserve. Take a moment to share the nature of your query, and we'll make sure to get you the help you need."
BIL,what do I have to do to contact a person?,CONTACT,contact_human_agent,"Thank you for reaching out! I completely understand that you would like to know the process of contacting a person. To contact a person, you can reach out to our customer support team through various channels such as phone, email, or live chat. Our dedicated representatives are available to assist you and provide the support you need. If you prefer speaking over the phone, you can contact our helpline at {{Customer Support Phone Number}}. Alternatively, you can send an email to our support team at {{Customer Support Email}} or initiate a live chat on our website at {{Website URL}}. These options will connect you with a person who can address your queries and provide the assistance you require. We value your time and are here to assist you promptly and effectively."
BLQZ,wanna see what hours cdustomer support available is,CONTACT,contact_customer_service,"Thank you for reaching out! I understand your curiosity about the availability of our customer support. To find the operating hours when you can reach our customer support team, you can visit our website and navigate to the ""Contact Us"" page. There, you will find detailed information regarding our customer support hours. If you prefer, you can also reach out to our team directly through the provided contact methods such as phone, email, or live chat. Our dedicated representatives are always ready to assist you during {{Customer Support Hours}}. Please let me know if there's anything else I can help you with!"
BLZ,help to speak with aj assistant,CONTACT,contact_human_agent,"Happy to hear from you! I truly understand that you need assistance speaking with an assistant. I'm here to help you connect with one. Before we proceed, could you please provide some more details about the specific topic or issue you would like to discuss with the assistant? This information will help us ensure that you are connected with the most relevant and knowledgeable person. Take your time to share any relevant information, and I'll make sure to process it securely and privately."
BL,I want to talk with customer support,CONTACT,contact_customer_service,"Honored to assist! I'm clued in that you're looking to have a conversation with our customer support team. We're here to assist you and provide the help you need. You can reach our customer support team during {{Customer Support Hours}}. Please let me know if there's anything specific you would like to discuss or any questions you have in mind. Your satisfaction is our top priority, and we're committed to resolving any concerns you may have. How can I assist you further?"
BLQZ,i  dont know what i need to do to speak with a live agent,CONTACT,contact_human_agent,"We're listening! I'm keyed into the fact that you're unsure about how to speak with a live agent. Don't worry, I'm here to help! To connect with a live agent, you can try a few different options. You can navigate to our website and look for a ""Contact Us"" or ""Support"" page, where you may find options for live chat, email, or phone support. Alternatively, you can try calling our customer service hotline at {{Customer Support Phone Number}} and follow the prompts to speak with a representative. If all else fails, please provide me with your contact information, and I'll personally assist you in connecting with a live agent. We're committed to addressing your concerns and providing the support you need."
BILSZ,do you shp to {{Delivery City}}?,DELIVERY,delivery_options,"To the beautiful city of {{Delivery City}}, our shipments eagerly make their way! You can definitely place an order with us and have it delivered to {{Delivery City}}. We offer a range of shipping options to ensure your convenience and satisfaction. Whether you prefer standard shipping, expedited shipping, or even overnight shipping, we have you covered. So feel free to explore our products, make your selection, and prepare to embrace the excitement of receiving your order in the renowned Emerald City. Should you have any further questions or need assistance with anything else, please don't hesitate to let me know. Happy shopping and seamless deliveries await you in {{Delivery City}}!"
BL,help seeing how long it takes for my shipment to arrive,DELIVERY,delivery_period,"We understand your anticipation to receive your shipment and your desire to know the estimated delivery timeframe. To provide you with accurate information, could you please provide us with the {{Tracking Number}} or {{Order Number}}? With this information, we will be able to track the progress of your shipment and give you an estimated arrival date. Your patience is greatly appreciated as we work to ensure your package is delivered to you as quickly as possible."
BILQS,do ya ship to {{Delivery Country}},DELIVERY,delivery_options,"Unquestionably! We are pleased to inform you that we offer shipping services to {{Delivery Country}}. You can choose from our range of delivery options to have your items conveniently shipped to your location in {{Delivery Country}}. If you have any specific concerns or if there's anything else I can assist you with, please feel free to let me know. It's our pleasure to ensure a seamless shopping experience for you!"
BL,I want help to see how soon can I expect my product,DELIVERY,delivery_period,"We completely understand your anticipation in wanting to know when you can expect your product. To provide you with an accurate estimate, could you please provide us with the {{Order Number}} or {{Tracking Number}}? Once we have these details, we will be able to give you the precise delivery time. Your satisfaction is our top priority, and we appreciate your patience."
BILM,can I check what shipping methods I have?,DELIVERY,delivery_options,"Of course! I'm here to assist you in discovering the shipping methods available to you. Let's dive right into it:

1. Standard Shipping: Typically arrives within 3-5 business days. It's a reliable option for non-urgent items.
2. Expedited Shipping: If you need your items a bit faster, this option ensures delivery within 1-3 business days.
3. Overnight Shipping: For those urgent needs, this option guarantees next business day delivery.
4. In-Store Pickup: If you prefer a more personal touch, you can select this option to grab your items from our nearest store location.

Feel free to let me know if you have any specific concerns or if there's anything else I can assist you with regarding shipping methods. My purpose is to ensure your satisfaction!"
BLQZ,i have got to see when mh delivery is gonna arrive,DELIVERY,delivery_period,"We understand your eagerness to know when your delivery will arrive. To provide you with an accurate update, please provide us with the tracking number or order number associated with your shipment. With that information, we can give you the most up-to-date estimate of your delivery date. Thank you for your cooperation and patience as we assist you."
BIQSZ,can i place an oeder from {{Delivery City}},DELIVERY,delivery_options,"I'm on it! We're thrilled to inform you that you can place an order from {{Delivery City}}. We offer shipping services to your area, ensuring that your packages are conveniently delivered to your doorstep. Whether you're looking for standard shipping for non-urgent items or expedited shipping for more time-sensitive needs, we have options to suit your preferences. In addition, you can also choose in-store pickup if you prefer the convenience of picking up your items personally at one of our nearby store locations. We're here to assist you every step of the way, so if you have any further questions or need assistance with your order, don't hesitate to reach out. We're committed to ensuring your satisfaction!"
BIMQ,where can i find information about the delivery periods,DELIVERY,delivery_period,"We understand your need for information about delivery periods. To find detailed information regarding our delivery estimates, please visit our website and navigate to the ""Shipping"" or ""Delivery"" section. Here, you will find comprehensive details about estimated delivery times based on different locations and shipping methods. If you have any specific questions or need further assistance, our customer support team is always ready to help. Don't hesitate to reach out to us through our live chat or customer support hotline. We are committed to providing you with the most accurate and up-to-date information to ensure a smooth and satisfying delivery experience."
BL,I need assistance checking how soon can I expect my delivery,DELIVERY,delivery_period,"I pick up what you're putting down, your excitement to receive your delivery and the desire to have an estimated timeframe. To provide you with the most accurate information, may I kindly ask for the {{Tracking Number}} or {{Order Number}} associated with your delivery? With that information, I will be able to provide you with an expected delivery date. Your patience is greatly appreciated as we work on resolving this for you."
BL,I don't know what to do to check when will my parcel arrive,DELIVERY,delivery_period,"We understand that tracking the delivery of your parcel is important to you. To check the estimated arrival date, you can use the {{Tracking Number}} or {{Order Number}} provided at the time of purchase. Simply go to our website's tracking page or use our mobile app, and enter the tracking information in the designated field. This will provide you with real-time updates on the status and estimated arrival of your parcel. If you encounter any issues or require further assistance, feel free to reach out to our customer support team. They are available {{Customer Support Hours}} at {{Customer Support Phone Number}} or through the Live Chat on our website at {{Website URL}}. We're here to help you track your parcel every step of the way!"
BILW,how do I lodge a damn consumer reclamation?,FEEDBACK,complaint,"I'm very sorry to hear that you're frustrated and need assistance with lodging a consumer reclamation. We genuinely care about resolving any issues you may have. To ensure that your complaint is properly addressed, please provide me with some additional details such as the nature of the issue, any specific individuals involved, and any supporting documentation you may have. This will help us process your complaint more efficiently. We value your feedback and look forward to assisting you further in this matter."
BILQZ,how tolodge a customer complaint,FEEDBACK,complaint,"I've been informed that you would like to know how to lodge a customer complaint. Your feedback is highly valuable to us, and we are here to assist you with the process. To lodge a complaint, you can visit our website and look for the ""Contact Us"" or ""Customer Support"" page. There, you will find different channels to reach out to us, such as phone numbers, email addresses, or live chat options. Alternatively, you can also speak directly with one of our customer service representatives who will guide you through the complaint process. We genuinely appreciate your feedback and we are committed to resolving any issues you may have."
BCEILQ,I'm not happy with ur work how do i make a claim,FEEDBACK,complaint,"I'm aware that you're feeling dissatisfied with our work, and I apologize for any inconvenience caused. Your feedback is crucial to us, and I want to ensure that your concern is addressed promptly and effectively. To make a claim, I recommend reaching out to our customer support team. They are available {{Customer Support Hours}} at {{Customer Support Phone Number}} or through the Live Chat on our website at {{Website URL}}. They will guide you through the process and provide the necessary assistance. We appreciate your patience and understanding and look forward to resolving this matter for you."
BKLQ,file consumer reclamation against ur company,FEEDBACK,complaint,"I'm truly sorry to hear that you need to file a consumer reclamation against our company. We take concerns like yours seriously and want to ensure that your voice is heard. To begin the process, I recommend reaching out to our customer support team directly. They will be able to guide you through the necessary steps and provide you with the relevant information and assistance you need. Rest assured that we are committed to resolving any issues promptly and making things right for you."
BIQW,can uhelp me leave a damn review for a service,FEEDBACK,review,For sure! I would be more than happy to assist you in leaving a review for our service. Your feedback is important to us as it helps us understand your experience and make necessary improvements. Could you please provide more details about the service you would like to review?
BILP,where could I send some feedback about a service?,FEEDBACK,review,"Thank you for considering providing feedback about our service! We greatly value your thoughts and insights. To ensure that your feedback reaches the appropriate department and is handled promptly, please send your feedback to our dedicated feedback channel. You can find this channel on our website's ""Contact Us"" page or you can reach out to our customer support team directly, and they will guide you through the process. We appreciate your time and effort in helping us improve our service."
BLQ,i call to lodge a customer complaint against ur organization,FEEDBACK,complaint,"I truly empathize with your frustration and I'm sincerely sorry for the inconvenience you've experienced. As a valued customer, your satisfaction is of utmost importance to us, and I'm here to assist you in lodging your complaint against our organization. Your feedback is valuable and helps us improve our services. Please provide me with the details of your complaint, such as the nature of the issue, any relevant order or account information, and any other specifics that will aid us in addressing your concerns promptly and effectively. Rest assured, I will document your complaint and ensure it reaches the appropriate team for investigation and resolution. Thank you for bringing this matter to our attention, and I appreciate your patience as we work towards resolving this issue for you."
BCIL,"I need to send some feedback for a service, how do I do it?",FEEDBACK,review,"We greatly value your feedback and appreciate your willingness to share your thoughts about our service! To submit your feedback, you can visit our website and navigate to the ""Contact Us"" or ""Feedback"" section. Alternatively, you can reach out to our customer support team via phone or email and they will be more than happy to assist you in submitting your feedback. Rest assured that every feedback is carefully reviewed and considered as we strive to continuously improve our services. Is there anything else I can assist you with?"
BLQ,need help lodging a consumer claim against your organization,FEEDBACK,complaint,"I'm sorry to hear that you need to lodge a consumer claim against our organization. Your feedback is invaluable to us, and I appreciate you bringing this matter to our attention. To ensure that your claim is properly addressed, I recommend reaching out to our dedicated customer support team. They have the expertise and resources to assist you with all aspects of lodging your claim. They can guide you through the process, explain any necessary documentation, and provide updates on the status of your claim. Their primary goal is to ensure a fair resolution and your satisfaction. You can contact them by calling our customer support line at {{Customer Support Phone Number}} or by visiting our website and initiating a Live Chat session. Rest assured, we take every claim seriously and will do our utmost to resolve your concerns promptly and fairly. Thank you for your patience and cooperation in this matter."
BILQ,is there an address to submit a review for a product,FEEDBACK,review,"Sure! We appreciate your interest in submitting a review for our product. To share your valuable feedback, you can visit our website and navigate to the product page. Look for the ""Reviews"" section, where you'll find a form to write and submit your review. We value your input and look forward to hearing your thoughts about our product. If you have any further questions or need assistance, please feel free to let me know."
BLZ,I don't know what to do to locate the involice #85632,INVOICE,check_invoice,"I pick up what you're putting down, your uncertainty about how to locate the invoice with the number #{{Invoice Number}}. Rest assured, I'm here to guide you and provide you with the necessary steps. To begin, have you checked your email inbox for any email notifications or reminders regarding the invoice? You can also try logging into your account on our website and accessing the billing or invoices section, where you should be able to find the invoice you're looking for. If you still can't locate it, I recommend reaching out to our customer support team, as they will be able to assist you further in locating the invoice. They are available {{Customer Support Hours}} at {{Customer Support Phone Number}} or through the Live Chat on our website at {{Website URL}}. Together, we will find a solution to help you locate your invoice successfully."
BLQ,i need assistance to give a quick look at the invoice #37777,INVOICE,check_invoice,"Unquestionably! I completely understand your need for a quick look at the invoice with the number #{{Invoice Number}}. With a few details, I'll be able to assist you better. Can you please provide me with the email address associated with the invoice or any other relevant information? This will help me find the invoice quickly and provide you with the necessary details."
BILQ,what do i have to do to give a quick look at my bill #00108,INVOICE,check_invoice,"I've realized you're seeking a quick way to view the details of your bill with the number #{{Invoice Number}}. To give a quick look at your bill, you can log in to your account on our website and navigate to the ""Billing"" section. From there, you should be able to find the option to view your bill summary, which will provide you with a snapshot of the charges and payment information associated with your bill. If you need any further assistance or have any additional questions, feel free to let me know."
BL,I want help to give a quick look at the invoice #85632,INVOICE,check_invoice,"I'm fully aware of your desire to have a quick look at the invoice with the number #{{Invoice Number}}. Let me assist you with that. To view the invoice, please log in to your account on our website and navigate to the ""Invoices"" section. There, you should be able to find the invoice with the number {{Invoice Number}}. If you encounter any difficulties or require further guidance, please don't hesitate to ask. I'm here to ensure a seamless experience for you."
BLQZ,i want assistance to downlolad my bill #85632,INVOICE,get_invoice,"I realized you're seeking assistance to download your bill with number {{Invoice Number}}. Let me guide you through the process. First, please log in to your account on our website. Once you're logged in, navigate to the ""Billing"" or ""Invoices"" section. Here, you should be able to find and download your bill with the specified number. If you encounter any difficulties or have further questions, feel free to let me know. I'm here to assist you every step of the way."
BQ,want help getting my invoice #85632,INVOICE,get_invoice,"I'm on it! I completely understand your request to retrieve your invoice with the number #{{Invoice Number}}. Allow me a moment to locate it for you. In the meantime, is there anything else I can assist you with?"
BL,help looking for the bill #00108,INVOICE,check_invoice,"Thank you for bringing this to our attention. I completely understand your need for assistance in locating your bill with the number #{{Invoice Number}}. Rest assured, I'm here to help you with that. To start, could you please provide me with some additional information such as the date range or any specific details related to the bill? This will enable me to narrow down the search and provide you with accurate results. Your cooperation is greatly appreciated, and I'm committed to helping you resolve this matter efficiently."
BLM,I call to get my bills from {{Person Name}},INVOICE,get_invoice,"I'll do my best! I completely understand your request to retrieve the bills from {{Salutation}} {{Client Last Name}}. As part of our commitment to protecting customer privacy, we follow strict data privacy regulations and require some additional verification to access sensitive information. In this case, I kindly ask you to provide me with the account number or any other identification details associated with {{Person Name}}. Once we have the necessary information, we will be more than happy to assist you in retrieving the desired bills. Let me know how I can further assist you!"
BLQ,i need help to look for the bill #12588,INVOICE,check_invoice,"I'm cognizant of the fact that you need assistance with looking for the bill with the number #{{Invoice Number}}. Rest assured, I'm here to guide you through the process. To help you find the bill, could you please provide me with any relevant information such as the date range, the client's name, or any other details? This will enable me to locate the bill more efficiently and provide you with the assistance you need. Thank you for reaching out to us for help with finding your bill."
BLQZ,i dont know what to do tgo download the bill #12588,INVOICE,get_invoice,"I see your confusion about how to download the bill with the number #{{Invoice Number}}. Let me guide you through the process step by step. First, you need to log in to your account on our website. Once you're logged in, navigate to the ""Invoices"" or ""Billing"" section. In this section, you'll find a list of your invoices. Look for the invoice with the number #{{Invoice Number}} and click on the download button next to it. The invoice will be downloaded to your device as a PDF file. If you have any further questions or need additional assistance, please don't hesitate to let me know."
BIL,can you help me remove something from purchase {{Order Number}}?,ORDER,change_order,"We understand that you are looking for assistance in removing an item from your purchase with the order number {{Order Number}}. We apologize for any inconvenience caused. To better assist you, could you please provide us with the specific item you would like to remove? Once we have this information, we will promptly assist you in updating your purchase. Your satisfaction is our top priority, and we appreciate your patience and cooperation in resolving this matter."
BLMQZ,i dont know how  to purchase several products,ORDER,place_order,"Happy to hear from you! I truly understand that you may be unfamiliar with the process of purchasing several products, but don't worry, I'm here to help. To get started, could you please let me know which specific products you're interested in? Once I have that information, I can guide you step-by-step and ensure a smooth and successful purchase experience."
BILQZ,can uhelp me swappping a product of purchase {{Order Number}},ORDER,change_order,"We appreciate your inquiry to us for assistance with swapping a product from your purchase with order number {{Order Number}}. We understand that sometimes you may need to make changes to your order, and we're here to help. To proceed with the swap, could you please provide us with the details of the product you would like to swap and the replacement product you would like to receive? Once we have this information, we will do our best to facilitate the product swap for you."
BL,I want help to cancel purchase {{Order Number}},ORDER,cancel_order,"I can relate that you need assistance with canceling your purchase with the purchase number {{Order Number}}. Our goal is to make this process as smooth as possible for you. Here are the steps you can follow:

1. Sign in to Your Account: Go to our {{Online Company Portal Info}} and log in using your credentials.
2. Locate Your Order: Once you're logged in, navigate to the '{{Online Order Interaction}}' or '{{Online Order Interaction}}' section.
3. Find the Purchase: Look for the purchase associated with the order number {{Order Number}} and click on it to view the details.
4. Initiate the Cancellation: Within the purchase details, you should see an option labeled '{{Online Order Interaction}}'. Click on it to start the cancellation process.
5. Confirm Your Choice: The system may ask for your confirmation or request additional information. Please provide the necessary details as prompted to complete the cancellation successfully.

If you encounter any difficulties or have any questions along the way, don't hesitate to reach out to our dedicated support team. You can contact us during {{Customer Support Hours}} at {{Customer Support Phone Number}} or use the Live Chat feature on our website at {{Website URL}}. We are here to guide you through the process and ensure your satisfaction."
BK,checking order {{Order Number}} status,ORDER,track_order,"Thank you for reaching out! I am here to assist you in checking the status of your order with the order number {{Order Number}}. To view the current status, please visit the '{{Online Order Interaction}}' section on our website. If you have any other questions or need further assistance, feel free to let me know. It is my goal to ensure that you have a seamless experience!"
BZ,I need assistancde cancelling order {{Order Number}},ORDER,cancel_order,"I've noticed that you require assistance with canceling your order with the order number {{Order Number}}. Our team is ready to help you with this process. To proceed with the cancellation, please follow these steps:

1. Log in to your {{Online Company Portal Info}} using your credentials.
2. Navigate to the '{{Online Order Interaction}}' or '{{Online Order Interaction}}' section, where you can find a list of your previous purchases.
3. Locate the specific purchase associated with the order number {{Order Number}} and click on it to access the details.
4. Look for the option labeled '{{Online Order Interaction}}' and select it.
5. The system may prompt you to confirm the cancellation or provide feedback. Please follow the instructions accordingly.

Should you encounter any difficulties or have further questions, our dedicated support team is available to assist you. You can reach us during {{Customer Support Hours}} at {{Customer Support Phone Number}} or by using our live chat feature on our {{Website URL}}. We are here to ensure your satisfaction and provide the help you need."
BK,check order {{Order Number}} status,ORDER,track_order,"Thanks for getting in touch! I grasp that you would like assistance in checking the status of your order with order number {{Order Number}}. To view the status, I recommend visiting the ""{{Order Tracking}}"" section on our website. This section will provide you with the most up-to-date information about your order and its current status. If you have any further questions or require additional support, please don't hesitate to let me know. I'm here to help you every step of the way!"
BQ,i have a question about cancelling order {{Order Number}},ORDER,cancel_order,"I've understood, you have a question about canceling your order with the order number {{Order Number}}. How can I assist you?"
BELMZ,I do not know what to do to earn several of yoru item,ORDER,place_order,"I appreciate your interest in earning several of our items, but I believe there might be a slight misunderstanding. To clarify, if you would like to purchase several of our items, I'm here to guide you through the ordering process. Could you please let me know which specific items you are interested in? Once I have more details, I'll provide you with the necessary steps to complete your purchase. Let's work together to make sure you can enjoy the items you desire!"
BCILP,"I missed an item in purchase {{Order Number}}, could you add it?",ORDER,change_order,"I'm aware that you missed an item in your purchase with the order number {{Order Number}} and you would like to add it. I apologize for the inconvenience caused. To assist you further, could you please provide me with the details of the item you would like to add? This will help me ensure that we include the correct item and update your purchase accordingly. Your satisfaction is our top priority, and we appreciate your patience while we rectify this for you."
BL,help me see your allowed payment modalities,PAYMENT,check_payment_methods,"Thank you for reaching out! I'm here to provide you with all the necessary information about our allowed payment methods. Here is a comprehensive list of the payment modalities we offer:

1. Credit/Debit Card: We accept major cards like Visa, Mastercard, and American Express, ensuring a convenient and secure payment experience.
2. PayPal: A widely recognized and trusted online payment platform that guarantees a seamless transaction process.
3. Bank Transfer: You have the option to make a direct payment from your bank account, ensuring hassle-free transactions.
4. Apple Pay: An effortless payment method exclusively designed for Apple users.
5. Google Wallet: Google's payment system that allows for quick and easy checkouts.

We aim to provide you with a diverse range of payment options to suit your preferences. If you have any further questions or need assistance with any of these payment methods, please feel free to let me know."
BILQ,where to check what payment payment modalities are available,PAYMENT,check_payment_methods,"Thank you for your inquiry on how to check the available payment options. To access the list of payment modalities we offer, you can visit our website and navigate to either the ""Payment Methods"" or ""Checkout"" section. There, you will find a comprehensive list of the payment options available for your convenience. If you need any further assistance or have any questions, feel free to reach out. We are here to help you every step of the way."
BCL,"I need to check the available payment methods, help me",PAYMENT,check_payment_methods,"Unquestionably! I'm here to assist you in accessing our available payment methods. To view the options, you can visit our website and navigate to the 'Payment Methods' section, usually located in the footer or under the 'Help' tab. There, you'll find comprehensive information about the various payment methods we offer, including credit/debit cards, PayPal, bank transfer, Apple Pay, and Google Wallet. If you encounter any difficulties or have further questions, feel free to reach out to our customer support team. They are available {{Customer Support Hours}} at {{Customer Support Phone Number}} or through the Live Chat on our website at {{Website URL}}. Your satisfaction is our priority, and we'll ensure you have all the information you need to make a convenient and secure payment."
BLQ,need assistance seeing ur available payment methods,PAYMENT,check_payment_methods,"Thank you for getting in touch and expressing your need for assistance in viewing our available payment methods. I'm here to help guide you through the process.

To view our payment methods, you can visit our website and navigate to the ""Payment Options"" or ""Checkout"" section. There, you will find a comprehensive list of the payment methods we offer.

If you prefer a more personalized approach, our customer service representatives are available to assist you. You can reach out to them via our website's live chat or contact our dedicated customer support line.

We strive to provide a wide range of payment options for your convenience. Should you have any further questions or need additional assistance, please don't hesitate to reach out. We're here to ensure a seamless and satisfactory experience for you."
BLM,I want assistance to notify of troubles with payments,PAYMENT,payment_issue,"Appreciate your message to us for assistance in notifying us about the troubles you are facing with your payments. I understand that this can be frustrating and I'm here to help you through this process. To provide you with the best support, could you please provide more details about the specific issues you are encountering with your payments? This will help us understand the situation better and work towards finding a solution. We appreciate your patience and cooperation as we work together to resolve this matter for you."
BILM,how to inform of a problem with online payments?,PAYMENT,payment_issue,"I've taken note that you may have encountered a problem with your online payment, and I'm here to guide you on how to inform us about it. The easiest and most convenient way to report a problem with online payments is to reach out to our customer support team directly. They are available {{Customer Support Hours}} at {{Customer Support Phone Number}} or through the Live Chat on our website at {{Website URL}}. By providing them with specific details about the problem you encountered, such as error messages or transaction IDs, our support team will be able to assist you more efficiently. It's important to let them know about the issue as soon as possible, so they can investigate and resolve it for you. We appreciate your patience and cooperation, and we're committed to helping you through this process."
BL,I want assistance seeing the allowed payment options,PAYMENT,check_payment_methods,"For sure! I'm thrilled that you're interested in exploring our available payment options. Here are the options we offer:

- **Credit/Debit Card:** We accept all major credit and debit cards, including Visa, Mastercard, and American Express.
- **PayPal:** Our platform integrates seamlessly with PayPal, allowing you to make secure and convenient payments online.
- **Bank Transfer:** You can also choose to make payments through bank transfer for a direct and hassle-free transaction.
- **Mobile Wallets:** We support popular mobile wallets like Apple Pay and Google Pay for fast and contactless payments.

These options provide flexibility and convenience to cater to your diverse needs. If you have any specific questions or need assistance with any of these options, feel free to let me know. I'm here to help you make an informed decision and ensure a smooth payment experience."
BLQ,want assistance solving an error with payment,PAYMENT,payment_issue,"I appreciate you reaching out for assistance with resolving the error you encountered during the payment process. I understand how frustrating it can be when you're unable to complete a payment successfully. To better assist you, could you please provide more details about the error you're facing? This information will help us identify the issue and work towards finding a solution. Thank you for bringing this to our attention, and rest assured, we're committed to resolving this matter promptly and ensuring a seamless payment experience for you."
BLQZ,want help to  list ur accepted payment options,PAYMENT,check_payment_methods,"I'll take care of it! I'm here to provide guidance on our accepted payment options. We want to ensure that our customers have a smooth and convenient experience when making purchases. Here are the payment methods that we currently accept:

- Credit/Debit Card: You can use major cards like Visa, Mastercard, and American Express to make secure transactions.
- PayPal: This popular online payment service offers a widely recognized and secure platform.
- Bank Transfer: You have the option to transfer funds directly from your bank account for hassle-free payments.
- Apple Pay: For Apple users, Apple Pay allows for quick and secure transactions through your Apple devices.
- Google Wallet: This payment system offered by Google facilitates fast and easy checkouts.

If you have any questions or if there's anything more specific you'd like to know about these payment options, please feel free to ask. Your satisfaction is our top priority, and we're here to assist you every step of the way."
BILM,can you help me to solve errors with payment?,PAYMENT,payment_issue,"I'll make it happen! I'm here to lend a helping hand and assist you in resolving any errors you're encountering with your payment. To better understand the issue, could you please provide more details about the specific errors you're facing? This will allow us to identify the root cause and work towards a swift solution. Thank you for bringing this to our attention, and rest assured, we'll do everything we can to ensure a seamless payment experience for you."
BL,I need to check in which cases can I ask for a reimbursement,REFUND,check_refund_policy,"Of course! I completely understand your need to familiarize yourself with the cases in which you can request a reimbursement. Allow me to shed light on this for you.

When it comes to reimbursements, there are a few common scenarios in which you may be eligible:

1. **Product/Service Defect:** If the product or service you purchased has a defect or doesn't match the description, you usually have the option to request a reimbursement.

2. **Cancellation within Grace Period:** Should you change your mind about a purchase within the specified grace period, you can typically ask for a reimbursement.

3. **Unauthorized Charges:** If you come across any charges on your account that you didn't authorize or recognize, we're here to assist you in investigating and potentially securing a reimbursement.

4. **Event Cancellation:** We understand the disappointment of having an event you've purchased tickets for be canceled. In cases where the event doesn't get rescheduled, you may be eligible for a reimbursement.

5. **Duplicate Charges:** Mistakes happen, and if you notice duplicate charges for the same item, please notify us so that we can correct the issue and potentially provide a reimbursement.

6. **Non-receipt of Goods:** If you haven't received your purchased item within the expected timeframe, you may qualify for a reimbursement.

It's important to note that each vendor or service provider might have their specific refund policies, so it's advisable to review their terms and conditions or reach out to them directly for further information. If you have any concerns regarding a specific order or need assistance with a potential reimbursement request, please provide me with the necessary details, such as the order number, and I'll be more than happy to assist you further.

Remember, our goal is to ensure your satisfaction and provide helpful guidance throughout your journey. How else may I be of assistance to you today?"
BL,I am waiting for a reimbursement of {{Currency Symbol}}{{Refund Amount}},REFUND,track_refund,"I understand how important it is for you to receive your reimbursement of {{Currency Symbol}}{{Refund Amount}}. Rest assured, we are committed to resolving your refund inquiry promptly. Let me quickly check the status of your reimbursement to provide you with the most up-to-date information. I appreciate your patience while I gather the details necessary to assist you further."
BL,I don't know how I can get a restitution of my money,REFUND,get_refund,"I've understood that you're uncertain about the process of getting a restitution for your money. Rest assured, I'm here to guide you through it. To initiate the process, I recommend reaching out to our customer support team. They will provide you with the necessary assistance and guide you through the steps required to request a restitution. Additionally, you can also check our website or contact our support team via live chat for more information on the specific requirements and documentation needed. Remember, your satisfaction is our priority, and we're committed to resolving this matter to your utmost satisfaction."
BL,I have to see in what cases can I request a refund,REFUND,check_refund_policy,"I'll get right on it! I completely understand your need to have a clear understanding of when you can request a refund. Here are some common scenarios where you may be eligible for a refund:

1. **Product/Service Defect:** If the product or service you received is defective, damaged, or doesn't meet your expectations, you usually have the right to request a refund.

2. **Cancellation within Grace Period:** Many companies provide a grace period during which you can cancel your purchase and receive a refund. This period may vary, so it's essential to check the terms and conditions of the specific vendor or service provider.

3. **Change in Plans:** If your circumstances change, and you no longer need or want the product or service, you may be able to request a refund. However, this depends on the individual refund policy of the vendor or service provider.

4. **Unauthorized Charges:** If you notice unauthorized charges on your account or credit card statement, contacting your bank or the payment processor can help resolve the issue and potentially result in a refund.

5. **Non-Delivery:** If you haven't received the product or service within the promised timeframe, you may be entitled to a refund. Make sure to reach out to the vendor or service provider to inquire about the status of your delivery.

6. **Service Dissatisfaction:** If the service you received did not meet your expectations or was not performed as described, you should contact the service provider and request a refund.

Please keep in mind that each company or vendor may have specific refund policies, so it's advisable to review their terms and conditions or contact their customer support for more detailed information. If you have any specific concerns or questions related to a particular order or product, please provide me with the necessary details, such as the order number or product name. I'm here to assist you every step of the way.

Is there anything else I can help you with today?"
BIM,how can I get refunds of my money?,REFUND,get_refund,"Certainly, I understand your concern about getting refunds for your money. The process for obtaining a refund depends on the specific circumstances and the company's refund policy. To start, I recommend reaching out to the customer support team either through our website or by phone. They will guide you through the necessary steps and provide you with the required information. It's important to have your proof of purchase or any relevant documentation ready when contacting customer support. With their assistance, you'll be able to navigate the refund process smoothly and efficiently."
BL,I expect a rebate of {{Refund Amount}} dollars,REFUND,track_refund,"I'm not mistaken the significance of your expected {{Currency Symbol}}{{Money Amount}} rebate. Every dollar matters, and we want to ensure that you have a seamless experience throughout the process. Let me quickly check the current status of your rebate for you. While I do that, could you please confirm whether you have received any communication regarding the rebate? Your input is valuable, and it will help us expedite the resolution for you. Thank you for your patience and cooperation."
BLZ,I am waiting for a compensation of {{Refund Amount}} doolars,REFUND,track_refund,"I understand how important it is for you to receive your expected compensation of {{Currency Symbol}}{{Refund Amount}}. We value your time and your patience in this matter. Let me investigate the current status of your compensation for you. While I do that, could you please provide me with any relevant details or documentation that may assist us in expediting the process? Rest assured, we are committed to resolving this matter as quickly as possible and ensuring your satisfaction."
BLQ,i try to see ur reimbursement policy,REFUND,check_refund_policy,"Of course! I understand your interest in exploring our reimbursement policy. Let me provide you with an overview:

Our reimbursement policy is designed to ensure customer satisfaction and fair dealings. Here are some key points to consider:

1. **Product/Service Defect**: If a purchased product or service is defective or doesn't match the description, you may be eligible for a refund.

2. **Cancellation within Grace Period**: We understand that circumstances can change. Should you decide to cancel your purchase within the specified grace period, a refund is usually possible.

3. **Unauthorized Charges**: If you notice any charges on your account that you didn't authorize, we will investigate the matter promptly and assist you in resolving the issue.

4. **Event Cancellation**: If an event for which you purchased tickets gets canceled without a rescheduled date, you will generally be eligible for a refund.

5. **Duplicate Charges**: Mistakes can happen sometimes. If you've been charged multiple times for the same item, please reach out to us so we can rectify the situation.

6. **Non-receipt of Goods**: If you haven't received your purchased product within the expected timeframe, you may qualify for a refund.

It's important to note that these are general guidelines, and certain situations may have specific refund terms. I recommend reviewing the terms and conditions provided during your purchase or reaching out to our customer support team for further assistance.

I hope this information helps! If you have any more questions or concerns about our reimbursement policy, please let me know."
BL,help to check in which cases can I ask to be refunded,REFUND,check_refund_policy,"I'll get right on it! I fully understand your need to verify the situations in which you can request a refund. Here is a comprehensive breakdown:

1. **Product/Service Defect:** If the product or service you receive has a defect or does not meet the description provided, you are typically eligible for a refund.
2. **Cancellation within Grace Period:** Should you change your mind and decide to cancel your purchase within the specified grace period, you can generally request a refund.
3. **Unauthorized Charges:** If you notice any unfamiliar charges on your account that you did not authorize, we will investigate the matter and assist you in resolving it.
4. **Event Cancellation:** If you have purchased tickets for an event that gets canceled, especially if it is not rescheduled, you are usually entitled to a refund.
5. **Duplicate Charges:** If you are charged multiple times for the same item in error, please inform us, and we will promptly rectify the situation.
6. **Non-delivery of Goods:** If you do not receive the product within the expected timeframe, you may be eligible for a refund.

It's important to note that refund policies may vary slightly among different vendors or service providers. To gain a comprehensive understanding of our specific refund policy, I recommend reviewing our terms and conditions or contacting our dedicated customer support team. If you have any specific order-related concerns, please provide me with the necessary details such as the order number, and I will be happy to assist you further.

Let me know if there's anything else I can help you with today!"
BLM,I have got to know if there are any news on my compensation,REFUND,track_refund,"I truly appreciate your need for updates on your compensation. Rest assured, I understand the importance of staying informed about the progress of your case. Let me quickly check the current status for you. While I'm doing that, may I ask if you have any specific concerns or questions regarding your compensation? Your insights and queries are valuable to us. Thank you for your patience while I gather the necessary information."
BLM,I have issues editing my address,SHIPPING,change_shipping_address,"I've taken note that you are experiencing difficulties in editing your address. To help you resolve this issue, please follow these steps:
1. Log in to your account on our website.
2. Navigate to the ""My Account"" section.
3. Click on the ""Edit Address"" button.
4. Make the necessary changes to your address.
5. Save the updated address.
If you encounter any further issues or have any questions, please don't hesitate to reach out to our customer support team for assistance."
BIL,can you help me to correct my address?,SHIPPING,change_shipping_address,"Of course, I'd be happy to assist you with correcting your address. To make sure we have the correct information, could you please provide me with your order number and the incorrect address that needs to be corrected?"
BELQZ,ido not know how i can submit the new shipping address,SHIPPING,set_up_shipping_address,"I comprehend your confusion about how to submit the new shipping address. Allow me to guide you through the process step by step:

1. Log in to your account using your credentials.
2. Navigate to the 'My Account' or 'Profile' section.
3. Look for the 'Shipping Addresses' or similar option.
4. Click on the option to add a new address.
5. Fill in the necessary fields with the details of your new shipping address.
6. Double-check the accuracy of the information you entered.
7. Save the changes, and your new shipping address will be submitted successfully.

If you encounter any difficulties during this process or have any further issues, please don't hesitate to let me know. I'm here to help and ensure a seamless experience for you."
BL,I have an issue entering a new shipping address,SHIPPING,set_up_shipping_address,"We're here to help to us regarding your issue with entering a new shipping address. I understand the importance of having a smooth experience when entering your address, and I'm here to help you with that.

To ensure you can successfully enter your new shipping address, please follow these steps:

1. Log in to your account on our website.
2. Go to the ""My Account"" or ""Profile"" section.
3. Look for the ""Shipping Addresses"" or a similar option.
4. Click on the ""Add New Address"" or ""Edit Shipping Addresses"" button.
5. Fill in the required fields with the details of your new shipping address. Make sure to double-check the accuracy of the information.
6. Save the changes.

If you encounter any specific error messages or have any further issues during this process, please let me know, and I'll be more than happy to assist you further. Your satisfaction is our top priority, and we're committed to resolving any issues you may have."
BCILPW,"I need to set a damn shipping address up, will you help me?",SHIPPING,set_up_shipping_address,"I perceive that you're frustrated and looking for assistance in setting up a shipping address. I apologize for any inconvenience you may have experienced. Rest assured, I'm here to assist you. To set up a shipping address, please follow these steps:

1. Log in to your account.
2. Navigate to the ""My Account"" or ""Profile"" section.
3. Look for the ""Shipping Addresses"" or ""Delivery Address"" option.
4. Click on ""Add New Address"" or ""Edit Shipping Address"".
5. Fill in the necessary information for your shipping address, such as your name, street address, city, state, and zip code.
6. Double-check the details to ensure accuracy.
7. Save the changes or click on ""Submit"".

If you encounter any issues or need further guidance, please provide more details about where you're facing difficulties, and I'll be glad to assist you further."
BLMQZ,i have problems changing my shipping addresw,SHIPPING,change_shipping_address,"I'm sorry to hear that you're having trouble changing your shipping address. Don't worry, I'm here to assist you with that. Could you please provide me with the details of the problem you're experiencing?"
BL,I have an error editing the delivery address,SHIPPING,change_shipping_address,"I'm sorry to hear that you're experiencing an error while editing your delivery address. To better assist you, could you please provide more details about the error message or issue you're encountering? This will help us troubleshoot and find a solution for you as quickly as possible."
BCILQZ,i have got to set the new deliver address up how do i do it,SHIPPING,set_up_shipping_address,"I've observed that you need guidance on setting up a new delivery address. Don't worry, I'm here to help you through the process. To set up a new delivery address, please follow these steps:

1. Log in to your account on our website or app.
2. Navigate to the 'My Account' or 'Profile' section.
3. Look for the 'Shipping Addresses' or similar option.
4. You should see an option to 'Add a New Address' or 'Edit Shipping Addresses'. Click on it.
5. Fill in the necessary details, such as the recipient's name, street address, city, state, ZIP code, and any additional information required.
6. Double-check the accuracy of the entered information to ensure timely and accurate deliveries.
7. Save the changes.

If you encounter any difficulties or if the process differs on our platform, please provide more specific details about where you're facing challenges, and I'll be glad to assist you further. Your satisfaction is my priority."
BCLQZ,i have put the old address by mistkae help me modifying it,SHIPPING,change_shipping_address,"I'm on it! We understand that mistakes happen. To help you modify your address, please provide us with the correct details, and we will update it for you."
BLW,help me set my goddamn delivery address up,SHIPPING,set_up_shipping_address,"I've picked up that you're feeling frustrated with setting up your delivery address, and I truly apologize for any inconvenience caused. I'm here to help you with this process. Let's take a step back and approach this together. Please follow these steps:

1. Log in to your account using your credentials.
2. Navigate to the 'My Account' or 'Profile' section, usually located at the top right corner of the page.
3. Look for the 'Shipping Addresses' or similar option.
4. Select the 'Add a New Address' or 'Edit Shipping Addresses' choice.
5. Now, enter the details of your new delivery address, ensuring accuracy.
6. Once you've filled in all the necessary information, click on the 'Save' or 'Submit' button to finalize the changes.

If you encounter any difficulties or if the process appears different, please provide more specific details about the issues you're facing, and I'll be more than happy to assist you further. Remember, your satisfaction is our top priority, and together we'll overcome any challenges along the way."
BLQ,i want assistance unsubscribing from the newsletter,SUBSCRIPTION,newsletter_subscription,"I've been informed that you would like assistance with unsubscribing from our newsletter. I apologize if the newsletter content no longer meets your interests. To unsubscribe, you can simply click on the ""unsubscribe"" link at the bottom of any newsletter email you receive from us. Alternatively, you can also reach out to our customer support team, and they will be more than happy to assist you in unsubscribing. Our team takes your feedback seriously and wants to ensure your newsletter preferences align with your interests. Is there anything else I can help you with?"
BCILZ,"I need to unsubscribe from the newsletter, can yyou help me?",SUBSCRIPTION,newsletter_subscription,"I'll get right on it! I understand that you're looking for assistance with unsubscribing from our newsletter. It's important to us that you have full control over your subscriptions and preferences. To proceed with unsubscribing, could you please provide me with the email address you used to subscribe? This will help us locate your subscription details and ensure that your request is promptly processed. Rest assured that your privacy and preferences are our top priority, and we'll handle your request with the utmost care and respect."
BILQ,can uhelp me subscribe to ur newsletter,SUBSCRIPTION,newsletter_subscription,"I acknowledge that you're seeking assistance with subscribing to our newsletter. I'm here to help you with that. Could you please provide me with your email address? Once I have that, I'll make sure you're added to our mailing list right away. Thank you for your interest in staying connected with us through our newsletter!"
BLZ,I acn't unsubscribe to your company newsletter,SUBSCRIPTION,newsletter_subscription,"I apologize for any inconvenience you're facing with unsubscribing from our company newsletter. To better assist you, could you please provide me with your email address so that I can locate your subscription details and help you with the process? Rest assured, we value your privacy and will ensure that your request is handled promptly and efficiently. Thank you for bringing this to our attention, and we'll do our best to resolve this for you as quickly as possible."
BLZ,I want help receoving the newsletter,SUBSCRIPTION,newsletter_subscription,"I appreciate your interest in receiving our newsletter! It seems you may be encountering some difficulties with receiving it. I apologize for any inconvenience caused. In order to assist you further, could you please provide me with your email address? This way, I can ensure that you are subscribed to our newsletter and receiving it without any issues. Rest assured, your privacy is of utmost importance to us, and we will handle your information with the highest level of security and care."
BL,information about receiving your company newsletter,SUBSCRIPTION,newsletter_subscription,"It's fantastic that you're interested in receiving our company newsletter! Our newsletter is designed to keep you up to date with all the latest news, updates, promotions, and exclusive insights from our company. To subscribe, you just need to provide us with your email address, and we'll take care of the rest. Rest assured, we value your privacy and will handle your information with the utmost care. Subscribing to our newsletter will allow you to stay connected and gain access to valuable content straight to your inbox. Is there anything specific you would like to know about our newsletter or the subscription process? I'm here to assist you!"
BCL,"I have to receive your corporate newsletter, help me",SUBSCRIPTION,newsletter_subscription,"Thank you for expressing your interest in receiving our corporate newsletter! I'm here to assist you with that. To subscribe, please visit our website and navigate to the newsletter subscription section. Once you're there, you'll be prompted to enter your email address to complete the subscription process. Rest assured, your privacy is of utmost importance to us, and we will handle your information with the utmost care. By subscribing, you'll receive the latest updates, news, and exclusive offers directly in your inbox. Should you have any further questions or need more assistance, feel free to ask."
BIL,can I unsubscribe to your corporate newsletter?,SUBSCRIPTION,newsletter_subscription,"Of course, I understand that you would like to unsubscribe from our corporate newsletter. Our newsletters are designed to provide valuable information and updates to our subscribers, but I completely respect your decision if you no longer wish to receive them. To unsubscribe, you can simply click on the ""Unsubscribe"" link at the bottom of any newsletter email you receive from us. Alternatively, you can let me know your email address, and I'll make sure to remove you from our mailing list right away. Your feedback is important to us, so if there's any specific reason why you wish to unsubscribe, please feel free to share it with me. We're always striving to improve our content and tailor it to our subscribers' preferences. Thank you for your understanding and support."
BLZ,I need to receive thecorporate newsletter,SUBSCRIPTION,newsletter_subscription,"We understand how important it is for you to receive our corporate newsletter. It's a fantastic way to stay informed about the latest updates, promotions, and valuable insights from our company. To subscribe, simply provide us with your email address and we'll ensure you receive our newsletter promptly. Rest assured, your privacy is of utmost importance to us. Feel free to share your email address with complete confidence."
BL,I can't receive the company newsletter,SUBSCRIPTION,newsletter_subscription,"I apologize for the inconvenience caused by not receiving our company newsletter. I understand how important it is for you to stay up-to-date with our latest news and updates. Let's find a solution together. Could you please provide me with your email address? This will allow me to check our system and ensure that you are on the mailing list. Additionally, please double-check your spam or junk folder to see if any of our newsletters have accidentally landed there. We want to make sure you don't miss out on any valuable information."
